SampleID,PCRp_conc ,Sample_type,environment,Genus,Species,Sex,Instar,Primary_ blood_meal,Diet,Country,State,Location,Nest,Sampling_date,Coordinates_North,Cooredinated_West
2CH08A,51,Triatoma,No,Triatoma,gerstaeckeri,ND,2,ND,blood,US,TX,Chaparral,N1,14.07.2017,N28.312719,W99.444114
2CH48A,53,Triatoma,No,Triatoma,gerstaeckeri,ND,1,ND,blood,US,TX,Chaparral,N1,13.07.2017,N28.312719,W99.444114
2CH49G,38,Triatoma,No,Triatoma,gerstaeckeri,ND,5,ND,blood,US,TX,Chaparral,N1,13.07.2017,N28.312719,W99.444114
411I5,44,Triatoma,No,Triatoma,gerstaeckeri,ND,5,Dasypus,blood,US,TX,LacklandAFB,N41,21.05.2021,N29.37728,W98.68699
413I5,49,Triatoma,No,Triatoma,gerstaeckeri,ND,5,Dasypus,blood,US,TX,LacklandAFB,N41,21.05.2021,N29.37728,W98.68699
41I6F,50,Triatoma,No,Triatoma,gerstaeckeri,F,6,Dasypus,blood,US,TX,LacklandAFB,N41,21.05.2021,N29.37728,W98.68699
41I6M,42,Triatoma,No,Triatoma,gerstaeckeri,M,6,Dasypus,blood,US,TX,LacklandAFB,N41,21.05.2021,N29.37728,W98.68699
2CH06G,24,Triatoma,No,Triatoma,lecticularia,ND,3,ND,blood,US,TX,Chaparral,N1,17.07.2017,N28.312719,W99.444114
2CH07,60,Triatoma,No,Triatoma,lecticularia,ND,3,Neotoma,blood,US,TX,Chaparral,N1,14.07.2017,N28.312719,W99.444114
2CH28,20,Triatoma,No,Triatoma,lecticularia,M,6,Peromyscus,blood,US,TX,Chaparral,N1,13.07.2017,N28.312719,W99.444114
2CH39,41,Triatoma,No,Triatoma,lecticularia,ND,5,Neotoma,blood,US,TX,Chaparral,N1,13.07.2017,N28.312719,W99.444114
2CH4,6,Triatoma,No,Triatoma,lecticularia,M,6,Neotoma,blood,US,TX,Chaparral,N1,13.07.2017,N28.312719,W99.444114
2CH41G,50,Triatoma,No,Triatoma,lecticularia,ND,4,Neotoma,blood,US,TX,Chaparral,N1,13.07.2017,N28.312719,W99.444114
2CH42,42,Triatoma,No,Triatoma,lecticularia,ND,4,Neotoma,blood,US,TX,Chaparral,N1,13.07.2017,N28.312719,W99.444114
2CH43G,48,Triatoma,No,Triatoma,lecticularia,ND,4,Neotoma,blood,US,TX,Chaparral,N1,13.07.2017,N28.312719,W99.444114
2CH44G,40,Triatoma,No,Triatoma,lecticularia,ND,4,Neotoma,blood,US,TX,Chaparral,N1,13.07.2017,N28.312719,W99.444114
2CH45G,26,Triatoma,No,Triatoma,lecticularia,ND,3,Neotoma,blood,US,TX,Chaparral,N1,13.07.2017,N28.312719,W99.444114
2CH46A,34,Triatoma,No,Triatoma,lecticularia,ND,2,Neotoma,blood,US,TX,Chaparral,N1,13.07.2017,N28.312719,W99.444114
2CH51G,44,Triatoma,No,Triatoma,lecticularia,ND,5,Neotoma,blood,US,TX,Chaparral,N1,13.07.2017,N28.312719,W99.444114
DS15i3A,39,Triatoma,No,Triatoma,protracta,ND,3,Neotoma,blood,US,AZ,DS,N15,06.07.2019,N32.25393,W111.09175
41TMTi2,16,Tick,No,Ornithodoros,turicata,ND,5,ND,blood,US,TX,LacklandAFB,N41,21.05.2021,N29.37728,W98.68699
41TMTi3,18,Tick,No,Ornithodoros,turicata,ND,5,ND,blood,US,TX,LacklandAFB,N41,21.05.2021,N29.37728,W98.68699
41TMTi4,17,Tick,No,Ornithodoros,turicata,ND,4,ND,blood,US,TX,LacklandAFB,N41,21.05.2021,N29.37728,W98.68699
41TMTi5,23,Tick,No,Ornithodoros,turicata,ND,4,ND,blood,US,TX,LacklandAFB,N41,21.05.2021,N29.37728,W98.68699
41TMTi6,22,Tick,No,Ornithodoros,turicata,ND,3,ND,blood,US,TX,LacklandAFB,N41,21.05.2021,N29.37728,W98.68699
41TMTi7,9,Tick,No,Ornithodoros,turicata,ND,3,ND,blood,US,TX,LacklandAFB,N41,21.05.2021,N29.37728,W98.68699
41TMTi8,16,Tick,No,Ornithodoros,turicata,ND,3,ND,blood,US,TX,LacklandAFB,N41,21.05.2021,N29.37728,W98.68699
41TMTi9,11,Tick,No,Ornithodoros,turicata,ND,3,ND,blood,US,TX,LacklandAFB,N41,21.05.2021,N29.37728,W98.68699
A2AS3A,25,assassin,No,Ploiaria ,hirticornis,ND,ND,ND,hemolymph,US,GA,GANF,L2,22.06.2021,ND,ND
A2AS3B,48,assassin,No,Ploiaria ,hirticornis,ND,ND,ND,hemolymph,US,GA,GANF,L2,22.06.2021,ND,ND
A2AS3C,38,assassin,No,Ploiaria ,hirticornis,ND,ND,ND,hemolymph,US,GA,GANF,L2,22.06.2021,ND,ND
AS6165A,35,assassin,No,Ploiaria ,hirticornis,ND,ND,ND,hemolymph,US,FL,Gainesville,N2,08.07.2021,N29.6214278,W82.29786
AS6165B,19,assassin,No,Ploiaria ,hirticornis,ND,ND,ND,hemolymph,US,FL,Gainesville,N2,08.07.2021,N29.6214278,W82.29786
AS6165C,30,assassin,No,Ploiaria ,hirticornis,ND,ND,ND,hemolymph,US,FL,Gainesville,N2,08.07.2021,N29.6214278,W82.29786
AS6165D,20,assassin,No,Ploiaria ,hirticornis,ND,ND,ND,hemolymph,US,FL,Gainesville,N2,08.07.2021,N29.6214278,W82.29786
AS6165E,24,assassin,No,Ploiaria ,hirticornis,ND,ND,ND,hemolymph,US,FL,Gainesville,N2,08.07.2021,N29.6214278,W82.29786
AS6165F,24,assassin,No,Ploiaria ,hirticornis,ND,ND,ND,hemolymph,US,FL,Gainesville,N2,08.07.2021,N29.6214278,W82.29786
AS6165G,20,assassin,No,Ploiaria ,hirticornis,ND,ND,ND,hemolymph,US,FL,Gainesville,N2,08.07.2021,N32.25393,W111.09175
Blank2,5,negative,No,blankExtraction,ND,ND,ND,ND,ND,ND,ND,ND,ND,ND,ND,ND
Blank21,4,negative,No,blankExtraction,ND,ND,ND,ND,ND,ND,ND,ND,ND,ND,ND,ND
CH2T1,30,Tick,No,Ornithodoros,turicata,ND,2_3,ND,blood,US,TX,Chaparral,N1,13.07.2017,N28.312719,W99.444114
CH2T10,20,Tick,No,Ornithodoros,turicata,ND,1_2,ND,blood,US,TX,Chaparral,N1,13.07.2017,N28.312719,W99.444114
CH2T11,27,Tick,No,Ornithodoros,turicata,ND,1_2,ND,blood,US,TX,Chaparral,N1,13.07.2017,N28.312719,W99.444114
CH2T12,47,Tick,No,Ornithodoros,turicata,ND,2_3,ND,blood,US,TX,Chaparral,N1,13.07.2017,N28.312719,W99.444114
CH2T4,56,Tick,No,Ornithodoros,turicata,ND,3_4,ND,blood,US,TX,Chaparral,N1,13.07.2017,N28.312719,W99.444114
CH2T5,47,Tick,No,Ornithodoros,turicata,ND,3_4,ND,blood,US,TX,Chaparral,N1,13.07.2017,N28.312719,W99.444114
CH2T7,41,Tick,No,Ornithodoros,turicata,ND,2_3,Neotoma,blood,US,TX,Chaparral,N1,13.07.2017,N28.312719,W99.444114
CH2T8,52,Tick,No,Ornithodoros,turicata,ND,3_4,ND,blood,US,TX,Chaparral,N1,13.07.2017,N28.312719,W99.444114
CH2T9,33,Tick,No,Ornithodoros,turicata,ND,2,ND,blood,US,TX,Chaparral,N1,13.07.2017,N28.312719,W99.444114
CH2TD13,28,Tick,No,Ornithodoros,turicata,ND,2,ND,blood,US,TX,Chaparral,N1,13.07.2017,N28.312719,W99.444114
CH2TD14,31,Tick,No,Ornithodoros,turicata,ND,2,ND,blood,US,TX,Chaparral,N1,13.07.2017,N28.312719,W99.444114
CH2TD15,43,Tick,No,Ornithodoros,turicata,ND,1_2,ND,blood,US,TX,Chaparral,N1,13.07.2017,N28.312719,W99.444114
CH2TD19,36,Tick,No,Ornithodoros,turicata,ND,1_2,ND,blood,US,TX,Chaparral,N1,13.07.2017,N28.312719,W99.444114
CH2TD20,45,Tick,No,Ornithodoros,turicata,ND,2_3,ND,blood,US,TX,Chaparral,N1,13.07.2017,N28.312719,W99.444114
CH2TD21,51,Tick,No,Ornithodoros,turicata,ND,2_3,ND,blood,US,TX,Chaparral,N1,13.07.2017,N28.312719,W99.444114
CH2TD22,27,Tick,No,Ornithodoros,turicata,ND,1_2,ND,blood,US,TX,Chaparral,N1,13.07.2017,N28.312719,W99.444114
CH2TD23,33,Tick,No,Ornithodoros,turicata,ND,1_2,ND,blood,US,TX,Chaparral,N1,13.07.2017,N28.312719,W99.444114
DS15i3B,33,Triatoma,No,Triatoma,protracta,ND,3,Neotoma,blood,US,AZ,DS,N15,06.07.2019,N32.25393,W111.09175
DS15i3C,33,Triatoma,No,Triatoma,protracta,ND,3,Neotoma,blood,US,AZ,DS,N15,06.07.2019,N32.25393,W111.09175
DS15i4A,34,Triatoma,No,Triatoma,protracta,ND,4,Neotoma,blood,US,AZ,DS,N15,06.07.2019,N32.25393,W111.09175
DS15i4B,51,Triatoma,No,Triatoma,protracta,ND,4,Neotoma,blood,US,AZ,DS,N15,06.07.2019,N32.25393,W111.09175
DS15i6,43,Triatoma,No,Triatoma,protracta,M,6,Neotoma,blood,US,AZ,DS,N15,06.07.2019,N32.25393,W111.09175
DS16i2B,41,Triatoma,No,Triatoma,protracta,ND,ND,Neotoma,blood,US,AZ,DS,N16,07.07.2019,N32.25477,W111.08766
DS15Ti1,47,Tick,No,Ornithodoros,turicata,ND,5,ND,blood,US,AZ,DS,N15,06.07.2019,N32.25393,W111.09175
DS15Ti2,61,Tick,No,Ornithodoros,turicata,ND,5,ND,blood,US,AZ,DS,N15,06.07.2019,N32.25393,W111.09175
DS15Ti3,56,Tick,No,Ornithodoros,turicata,ND,4,ND,blood,US,AZ,DS,N15,06.07.2019,N32.25393,W111.09175
DS15Ti4,61,Tick,No,Ornithodoros,turicata,ND,4,ND,blood,US,AZ,DS,N15,06.07.2019,N32.25393,W111.09175
DS15Ti5,32,Tick,No,Ornithodoros,turicata,ND,4,ND,blood,US,AZ,DS,N15,06.07.2019,N32.25393,W111.09175
DS15Ti6,39,Tick,No,Ornithodoros,turicata,ND,4,ND,blood,US,AZ,DS,N15,06.07.2019,N32.25393,W111.09175
DS15Ti7,52,Tick,No,Ornithodoros,turicata,ND,4,ND,blood,US,AZ,DS,N15,06.07.2019,N32.25393,W111.09175
DS15Ti8,43,Tick,No,Ornithodoros,turicata,ND,3,ND,blood,US,AZ,DS,N15,06.07.2019,N32.25393,W111.09175
DS16i5,49,Triatoma,No,Triatoma,protracta,ND,5,Neotoma,blood,US,AZ,DS,N16,07.07.2019,N32.25477,W111.08766
DS16i5A,55,Triatoma,No,Triatoma,protracta,ND,5,Neotoma,blood,US,AZ,DS,N16,07.07.2019,N32.25477,W111.08766
DS16i5B,51,Triatoma,No,Triatoma,protracta,ND,5,Neotoma,blood,US,AZ,DS,N16,07.07.2019,N32.25477,W111.08766
DS16i6F,74,Triatoma,No,Triatoma,protracta,ND,1,Neotoma,blood,US,AZ,DS,N16,07.07.2019,N32.25477,W111.08766
DS16i6M,66,Triatoma,No,Triatoma,protracta,M,6,Neotoma,blood,US,AZ,DS,N16,07.07.2019,N32.25477,W111.08766
DS18M3A,43,Triatoma,No,Triatoma,protracta,ND,2,Neotoma,blood,US,AZ,DS,N18,07.07.2019,N32.25242,W111.08688
DS7I3A,44,Triatoma,No,Triatoma,protracta,ND,3,Neotoma,blood,US,AZ,DS,N7d,02.07.2019,N32.25436,W111.08597
DS7I3B,43,Triatoma,No,Triatoma,protracta,ND,3,Neotoma,blood,US,AZ,DS,N7d,02.07.2019,N32.25436,W111.08597
DS7I3C,27,Triatoma,No,Triatoma,protracta,ND,3,Neotoma,blood,US,AZ,DS,N7d,02.07.2019,N32.25436,W111.08597
DS7I3D,54,Triatoma,No,Triatoma,protracta,ND,3,Neotoma,blood,US,AZ,DS,N7d,02.07.2019,N32.25436,W111.08597
DS16Ti1,17,Tick,No,Ornithodoros,turicata,ND,5,ND,blood,US,AZ,DS,N16,07.07.2019,N32.25477,W111.08766
DS16Ti10,17,Tick,No,Ornithodoros,turicata,ND,3,Neotoma,blood,US,AZ,DS,N16,07.07.2019,N32.25477,W111.08766
DS16Ti11,33,Tick,No,Ornithodoros,turicata,ND,2,ND,blood,US,AZ,DS,N16,07.07.2019,N32.25477,W111.08766
DS16Ti12,36,Tick,No,Ornithodoros,turicata,ND,2,ND,blood,US,AZ,DS,N16,07.07.2019,N32.25477,W111.08766
DS16Ti2,19,Tick,No,Ornithodoros,turicata,ND,5,ND,blood,US,AZ,DS,N16,07.07.2019,N32.25477,W111.08766
DS16Ti3,38,Tick,No,Ornithodoros,turicata,ND,4,ND,blood,US,AZ,DS,N16,07.07.2019,N32.25477,W111.08766
DS16Ti4,38,Tick,No,Ornithodoros,turicata,ND,4,ND,blood,US,AZ,DS,N16,07.07.2019,N32.25477,W111.08766
DS16Ti5,26,Tick,No,Ornithodoros,turicata,ND,3,ND,blood,US,AZ,DS,N16,07.07.2019,N32.25477,W111.08766
DS16Ti6,28,Tick,No,Ornithodoros,turicata,ND,5,ND,blood,US,AZ,DS,N16,07.07.2019,N32.25477,W111.08766
DS16Ti7,25,Tick,No,Ornithodoros,turicata,ND,4,ND,blood,US,AZ,DS,N16,07.07.2019,N32.25477,W111.08766
DS18AS3A,37,assassin,No,Stenolemoides ,arizonensis,ND,ND,ND,hemolymph,US,AZ,DS,N18,07.07.2019,N32.25242,W111.08688
DS18AS3B,29,assassin,No,Stenolemoides ,arizonensis,ND,ND,ND,hemolymph,US,AZ,DS,N18,07.07.2019,N32.25242,W111.08688
DS18AS3C,29,assassin,No,Stenolemoides ,arizonensis,ND,ND,ND,hemolymph,US,AZ,DS,N18,07.07.2019,N32.25242,W111.08688
DS7M17A,31,Triatoma,No,Triatoma,protracta,ND,3,Neotoma,blood,US,AZ,DS,N7d,02.07.2019,N32.25436,W111.08597
DS7M17B,33,Triatoma,No,Triatoma,protracta,ND,3,Neotoma,blood,US,AZ,DS,N7d,02.07.2019,N32.25436,W111.08597
DS7M17D,36,Triatoma,No,Triatoma,protracta,ND,3,Neotoma,blood,US,AZ,DS,N7d,02.07.2019,N32.25436,W111.08597
DS7M17E,40,Triatoma,No,Triatoma,protracta,ND,3,Neotoma,blood,US,AZ,DS,N7d,02.07.2019,N32.25436,W111.08597
LC34i5A1,38,Triatoma,No,Triatoma,protracta,ND,5,Neotoma,blood,US,AZ,LCNCA,N5,06.07.2018,N31.76432,W110.62289
DS18Ti1,23,Tick,No,Ornithodoros,turicata,ND,ND,ND,blood,US,AZ,DS,N18,07.07.2019,N32.25242,W111.08688
DS18Ti2,32,Tick,No,Ornithodoros,turicata,ND,2,ND,blood,US,AZ,DS,N18,07.07.2019,N32.25242,W111.08688
DS18Ti3,44,Tick,No,Ornithodoros,turicata,ND,2,ND,blood,US,AZ,DS,N18,07.07.2019,N32.25242,W111.08688
DS7AS2A,21,assassin,No, Reduvius,sonoraensis,ND,3,ND,hemolymph,US,AZ,DS,N7d,02.07.2019,N32.25436,W111.08597
DS7AS2B,23,assassin,No, Reduvius,sonoraensis,ND,3,ND,hemolymph,US,AZ,DS,N7d,02.07.2019,N32.25436,W111.08597
LC35i5A3,33,Triatoma,No,Triatoma,protracta,ND,5,Neotoma,blood,US,AZ,LCNCA,N5,06.07.2018,N31.76432,W110.62289
LC36i4A1,45,Triatoma,No,Triatoma,protracta,ND,4,Neotoma,blood,US,AZ,LCNCA,N5,06.07.2018,N31.76432,W110.62289
TU31i6A2,15,Triatoma,No,Triatoma,protracta,F,6,ND,blood,US,AZ,DS,N4,09.07.2018,N32.25675,W111.08752
TU32i6A2,20,Triatoma,No,Triatoma,protracta,F,6,Neotoma,blood,US,AZ,DS,N4,09.07.2018,N32.25675,W111.08752
TU33i6A1,14,Triatoma,No,Triatoma,protracta,M,6,Neotoma,blood,US,AZ,DS,N4,09.07.2018,N32.25675,W111.08752
TU35i5A1,26,Triatoma,No,Triatoma,protracta,ND,1,Neotoma,blood,US,AZ,DS,N4,09.07.2018,N32.25675,W111.08752
TU43i2A1,29,Triatoma,No,Triatoma,protracta,ND,2,Neotoma,blood,US,AZ,DS,N4,09.07.2018,N32.25675,W111.08752
TU49i4A2,40,Triatoma,No,Triatoma,protracta,ND,4,Neotoma,blood,US,AZ,DS,N6,10.07.2018,N32.25526,W111.08757
TU49i4B1,50,Triatoma,No,Triatoma,protracta,ND,4,Neotoma,blood,US,AZ,DS,N6,10.07.2018,N32.25526,W111.08757
TU50i3A3,26,Triatoma,No,Triatoma,protracta,ND,3,Neotoma,blood,US,AZ,DS,N6,10.07.2018,N32.25526,W111.08757
DS7T3Ti1,21,Tick,No,Ornithodoros,turicata,ND,3,Neotoma,blood,US,AZ,DS,N7d,02.07.2019,N32.25436,W111.08597
DS7T3Ti2,19,Tick,No,Ornithodoros,turicata,ND,3,ND,blood,US,AZ,DS,N7d,02.07.2019,N32.25436,W111.08597
DS7T3Ti3,14,Tick,No,Ornithodoros,turicata,ND,2,Neotoma,blood,US,AZ,DS,N7d,02.07.2019,N32.25436,W111.08597
TU50i3C3,32,Triatoma,No,Triatoma,protracta,ND,3,Neotoma,blood,US,AZ,DS,N6,10.07.2018,N32.25526,W111.08757
TU52i6A3,15,Triatoma,No,Triatoma,protracta,F,6,Neotoma,blood,US,AZ,DS,N7,10.07.2018,N32.25360,W111.0884
TU53i6A0,27,Triatoma,No,Triatoma,protracta,F,6,ND,blood,US,AZ,DS,N7,10.07.2018,N32.25360,W111.0884
TU54i4B2,67,Triatoma,No,Triatoma,protracta,ND,4,Neotoma,blood,US,AZ,DS,N7,10.07.2018,N32.25360,W111.0884
TU56i3C3,52,Triatoma,No,Triatoma,protracta,F,3,Neotoma,blood,US,AZ,DS,N7,10.07.2018,N32.25360,W111.0884
LC1A,22,assassin,No,Reduvius,sp.,ND,5,ND,hemolymph,US,AZ,LCNCA,N5,05.07.2018,N31.76432,W110.62289
LC2A,25,assassin,No,Reduvius,sp.,ND,5,ND,hemolymph,US,AZ,LCNCA,N5,06.07.2018,N31.76432,W110.62289
LC2B,28,assassin,No,Reduvius,sp.,ND,4,ND,hemolymph,US,AZ,LCNCA,N5,06.07.2018,N31.76432,W110.62289
LC2C,37,assassin,No,Reduvius,sp.,ND,4,ND,hemolymph,US,AZ,LCNCA,N5,06.07.2018,N31.76432,W110.62289
LC2D,38,assassin,No,Reduvius,sp.,ND,3,ND,hemolymph,US,AZ,LCNCA,N5,06.07.2018,N31.76432,W110.62289
LC2E,31,assassin,No,Reduvius,sp.,ND,2,ND,hemolymph,US,AZ,LCNCA,N5,06.07.2018,N31.76432,W110.62289
TU58i3A1,18,Triatoma,No,Triatoma,protracta,ND,3,Neotoma,blood,US,AZ,DS,N7,10.07.2018,N32.25360,W111.0884
TU59i3A3,26,Triatoma,No,Triatoma,protracta,ND,1,Neotoma,blood,US,AZ,DS,N7,10.07.2018,N32.25360,W111.0884
DS16i2A,43,Triatoma,No,Triatoma,rubida,ND,2,Neotoma,blood,US,AZ,DS,N16,07.07.2019,N32.25477,W111.08766
DS16i2C,36,Triatoma,No,Triatoma,rubida,ND,ND,Neotoma,blood,US,AZ,DS,N16,07.07.2019,N32.25477,W111.08766
DS16i2D,60,Triatoma,No,Triatoma,rubida,ND,2,Neotoma,blood,US,AZ,DS,N16,07.07.2019,N32.25477,W111.08766
DS16i6A,51,Triatoma,No,Triatoma,rubida,F,6,ND,blood,US,AZ,DS,N16,07.07.2019,N32.25477,W111.08766
DS18i2A,47,Triatoma,No,Triatoma,rubida,ND,2,Neotoma,blood,US,AZ,DS,N18,07.07.2019,N32.25242,W111.08688
LC4A,26,assassin,No,Reduvius,sp.,ND,5,ND,hemolymph,US,AZ,LCNCA,N5,06.07.2018,N31.76432,W110.62289
LC4B,35,assassin,No,Reduvius,sp.,ND,3_4,ND,hemolymph,US,AZ,LCNCA,N5,06.07.2018,N31.76432,W110.62289
LC4C,21,assassin,No,Reduvius,sp.,ND,3_4,ND,hemolymph,US,AZ,LCNCA,N5,06.07.2018,N31.76432,W110.62289
LC5A,20,assassin,No,Reduvius,sp.,ND,3,ND,hemolymph,US,AZ,LCNCA,N5,06.07.2018,N31.76432,W110.62289
LC5B,22,assassin,No,Reduvius,sp.,ND,3,ND,hemolymph,US,AZ,LCNCA,N5,06.07.2018,N31.76432,W110.62289
LC5C,-1,assassin,No,Reduvius,sp.,ND,3,ND,hemolymph,US,AZ,LCNCA,N5,06.07.2018,N31.76432,W110.62289
LC6A,19,assassin,No,Reduvius,sp.,ND,2,ND,hemolymph,US,AZ,LCNCA,N5,06.07.2018,N31.76432,W110.62289
LC6B,29,assassin,No,Reduvius,sp.,ND,2,ND,hemolymph,US,AZ,LCNCA,N5,06.07.2018,N31.76432,W110.62289
LC6C,28,assassin,No,Reduvius,sp.,ND,2,ND,hemolymph,US,AZ,LCNCA,N5,06.07.2018,N31.76432,W110.62289
NK1,51,negative,No,negativeControl,ND,ND,ND,ND,ND,ND,ND,ND,ND,ND,ND,ND
NK11,2,negative,No,negativeControl,ND,ND,ND,ND,ND,ND,ND,ND,ND,ND,ND,ND
NK2,6,negative,No,negativeControl,ND,ND,ND,ND,ND,ND,ND,ND,ND,ND,ND,ND
NK3,4,negative,No,negativeControl,ND,ND,ND,ND,ND,ND,ND,ND,ND,ND,ND,ND
NK,5,negative,No,ND,ND,ND,ND,ND,ND,ND,ND,ND,ND,ND,ND,ND
MCE1,75,positive,No,mockEqual,ND,ND,ND,ND,ND,ND,ND,ND,ND,ND,ND,ND
MCS1,60,positive,No,mockStaggered,ND,ND,ND,ND,ND,ND,ND,ND,ND,ND,ND,ND
PC1,63,positive,No,mockZimoST,ND,ND,ND,ND,ND,ND,ND,ND,ND,ND,ND,ND
PC2,49,positive,No,mockZimoLog,ND,ND,ND,ND,ND,ND,ND,ND,ND,ND,ND,ND
PC3,48,positive,No,mockZimoST,ND,ND,ND,ND,ND,ND,ND,ND,ND,ND,ND,ND
S1I5ASA,40,assassin,No,Zelus,longipes,ND,5,ND,hemolymph,US,GA,Sapelo island,L1,29.06.2021,N31.402070,W81.284266
S1I5ASB,52,assassin,No,Zelus,longipes,ND,5,ND,hemolymph,US,GA,Sapelo island,L1,29.06.2021,N31.402070,W81.284266
S1I5ASC,66,assassin,No,Zelus,longipes,ND,5,ND,hemolymph,US,GA,Sapelo island,L1,29.06.2021,N31.402070,W81.284266
S1I5ASD,16,assassin,No,Zelus,longipes,ND,5,ND,hemolymph,US,GA,Sapelo island,L1,29.06.2021,N31.402070,W81.284266
S1I5ASE,30,assassin,No,Zelus,longipes,ND,5,ND,hemolymph,US,GA,Sapelo island,L1,29.06.2021,N31.402070,W81.284266
S1I5ASF,22,assassin,No,Zelus,longipes,ND,5,ND,hemolymph,US,GA,Sapelo island,L1,29.06.2021,N31.402070,W81.284266
S1I5ASG,35,assassin,No,Zelus,longipes,ND,5,ND,hemolymph,US,GA,Sapelo island,L1,29.06.2021,N31.402070,W81.284266
TU10Ti1,29,Tick,No,Ornithodoros,turicata,ND,5,ND,blood,US,AZ,DS,N13,12.07.2018,N32.252297,W111.08655
TU10Ti11,23,Tick,No,Ornithodoros,turicata,ND,2,ND,blood,US,AZ,DS,N13,12.07.2018,N32.252297,W111.08655
TU10Ti12,15,Tick,No,Ornithodoros,turicata,ND,2,ND,blood,US,AZ,DS,N13,12.07.2018,N32.252297,W111.08655
TU10Ti2,25,Tick,No,Ornithodoros,turicata,ND,4,ND,blood,US,AZ,DS,N13,12.07.2018,N32.252297,W111.08655
TU10Ti3,27,Tick,No,Ornithodoros,turicata,ND,4,ND,blood,US,AZ,DS,N13,12.07.2018,N32.252297,W111.08655
TU10Ti4,26,Tick,No,Ornithodoros,turicata,ND,4,ND,blood,US,AZ,DS,N13,12.07.2018,N32.252297,W111.08655
TU10Ti6,18,Tick,No,Ornithodoros,turicata,ND,3,ND,blood,US,AZ,DS,N13,12.07.2018,N32.252297,W111.08655
TU10Ti8,22,Tick,No,Ornithodoros,turicata,ND,3,ND,blood,US,AZ,DS,N13,12.07.2018,N32.252297,W111.08655
TU2Ti1,34,Tick,No,Ornithodoros,turicata,ND,5,ND,blood,US,AZ,DS,N4,09.07.2018,N32.25675,W111.08752
TU2Ti2,28,Tick,No,Ornithodoros,turicata,ND,4,ND,blood,US,AZ,DS,N4,09.07.2018,N32.25675,W111.08752
TU2Ti3,35,Tick,No,Ornithodoros,turicata,ND,4,ND,blood,US,AZ,DS,N4,09.07.2018,N32.25675,W111.08752
TU2Ti4,58,Tick,No,Ornithodoros,turicata,ND,3,ND,blood,US,AZ,DS,N4,09.07.2018,N32.25675,W111.08752
TU2Ti5,40,Tick,No,Ornithodoros,turicata,ND,3,ND,blood,US,AZ,DS,N4,09.07.2018,N32.25675,W111.08752
TU2Ti6,31,Tick,No,Ornithodoros,turicata,ND,3,ND,blood,US,AZ,DS,N4,09.07.2018,N32.25675,W111.08752
TU2Ti7,20,Tick,No,Ornithodoros,turicata,ND,2,ND,blood,US,AZ,DS,N4,09.07.2018,N32.25675,W111.08752
TU2Ti8,29,Tick,No,Ornithodoros,turicata,ND,2,ND,blood,US,AZ,DS,N4,09.07.2018,N32.25675,W111.08752
DS18i2B,43,Triatoma,No,Triatoma,rubida,ND,2,Neotoma,blood,US,AZ,DS,N18,07.07.2019,N32.25242,W111.08688
DS18M3B,47,Triatoma,No,Triatoma,rubida,ND,3_4,Neotoma,blood,US,AZ,DS,N18,07.07.2019,N32.25242,W111.08688
DS18M3C,38,Triatoma,No,Triatoma,rubida,ND,3,ND,blood,US,AZ,DS,N18,07.07.2019,N32.25242,W111.08688
DS7I3E,24,Triatoma,No,Triatoma,rubida,ND,3,Neotoma,blood,US,AZ,DS,N7d,02.07.2019,N32.25436,W111.08597
DS7M17C,31,Triatoma,No,Triatoma,rubida,ND,3,Neotoma,blood,US,AZ,DS,N7d,02.07.2019,N32.25436,W111.08597
LC32i5A1,33,Triatoma,No,Triatoma,rubida,ND,5,ND,blood,US,AZ,LCNCA,N5,06.07.2018,N31.76432,W110.62289
LC33i2A3,40,Triatoma,No,Triatoma,rubida,ND,2,Episoriculus,blood,US,AZ,LCNCA,N5,06.07.2018,N31.76432,W110.62289
LC33i2B3,38,Triatoma,No,Triatoma,rubida,ND,2,Episoriculus,blood,US,AZ,LCNCA,N5,06.07.2018,N31.76432,W110.62289
LC33i2C3,45,Triatoma,No,Triatoma,rubida,ND,2,Episoriculus,blood,US,AZ,LCNCA,N5,06.07.2018,N31.76432,W110.62289
TU36i4A3,37,Triatoma,No,Triatoma,rubida,AZ,4,Neotoma,blood,US,AZ,DS,N4,09.07.2018,N32.25675,W111.08752
TU36i4B3,16,Triatoma,No,Triatoma,rubida,ND,4,Neotoma,blood,US,AZ,DS,N4,09.07.2018,N32.25675,W111.08752
TU40i3A3,40,Triatoma,No,Triatoma,rubida,ND,3,Neotoma,blood,US,AZ,DS,N4,09.07.2018,N32.25675,W111.08752
TU40i3B3,39,Triatoma,No,Triatoma,rubida,ND,3,Neotoma,blood,US,AZ,DS,N4,09.07.2018,N32.25675,W111.08752
TU41i3A2,43,Triatoma,No,Triatoma,rubida,ND,3,Neotoma,blood,US,AZ,DS,N4,09.07.2018,N32.25675,W111.08752
TU41i3B2,37,Triatoma,No,Triatoma,rubida,ND,3,Neotoma,blood,US,AZ,DS,N4,09.07.2018,N32.25675,W111.08752
TU47i4A3,11,Triatoma,No,Triatoma,rubida,ND,4,Neotoma,blood,US,AZ,DS,N6,10.07.2018,N32.25526,W111.08757
TU48i4A1,22,Triatoma,No,Triatoma,rubida,ND,4,Neotoma,blood,US,AZ,DS,N6,10.07.2018,N32.25526,W111.08757
TU50i3B3,30,Triatoma,No,Triatoma,rubida,ND,3,Neotoma,blood,US,AZ,DS,N6,10.07.2018,N32.25526,W111.08757
TU51i2A2,33,Triatoma,No,Triatoma,rubida,ND,2,Neotoma,blood,US,AZ,DS,N6,10.07.2018,N32.25526,W111.08757
TU54i4A3,60,Triatoma,No,Triatoma,rubida,ND,4,Callospermophilus,blood,US,AZ,DS,N7,10.07.2018,N32.25360,W111.0884
TU55i4A1,58,Triatoma,No,Triatoma,rubida,ND,4,ND,blood,US,AZ,DS,N7,10.07.2018,N32.25360,W111.0884
TU55i4B1,31,Triatoma,No,Triatoma,rubida,ND,4,Neotoma,blood,US,AZ,DS,N7,10.07.2018,N32.25360,W111.0884
TU55i4C1,33,Triatoma,No,Triatoma,rubida,ND,4,Neotoma,blood,US,AZ,DS,N7,10.07.2018,N32.25360,W111.0884
TU55i4D1,16,Triatoma,No,Triatoma,rubida,ND,4,ND,blood,US,AZ,DS,N7,10.07.2018,N32.25360,W111.0884
TU56i3A3,53,Triatoma,No,Triatoma,rubida,ND,3,Neotoma,blood,US,AZ,DS,N7,10.07.2018,N32.25360,W111.0884
TU56i3B3,28,Triatoma,No,Triatoma,rubida,ND,3,Neotoma,blood,US,AZ,DS,N7,10.07.2018,N32.25360,W111.0884
TU64i4A2,30,Triatoma,No,Triatoma,rubida,ND,4,Neotoma,blood,US,AZ,DS,N8,11.07.2018,N32.25219,W111.08791
TU65i3A2,13,Triatoma,No,Triatoma,rubida,ND,3,Neotoma,blood,US,AZ,DS,N8,11.07.2018,N32.25219,W111.08791
TU67i3A2,37,Triatoma,No,Triatoma,rubida,AZ,3,Neotoma,blood,US,AZ,DS,N8,11.07.2018,N32.25219,W111.08791
TU68i2A2,38,Triatoma,No,Triatoma,rubida,ND,2,Neotoma,blood,US,AZ,DS,N8,11.07.2018,N32.25219,W111.08791
TU68i2B2,25,Triatoma,No,Triatoma,rubida,ND,2,Neotoma,blood,US,AZ,DS,N8,11.07.2018,N32.25219,W111.08791
TU68i2C2,37,Triatoma,No,Triatoma,rubida,AZ,2,ND,blood,US,AZ,DS,N8,11.07.2018,N32.25219,W111.08791
TU5Ti1,49,Tick,No,Ornithodoros,turicata,ND,4,ND,blood,US,AZ,DS,N6,10.07.2018,N32.25526,W111.08757
TU5Ti2,40,Tick,No,Ornithodoros,turicata,ND,4,ND,blood,US,AZ,DS,N6,10.07.2018,N32.25526,W111.08757
TU5Ti3,31,Tick,No,Ornithodoros,turicata,ND,4,ND,blood,US,AZ,DS,N6,10.07.2018,N32.25526,W111.08757
TU5Ti4,42,Tick,No,Ornithodoros,turicata,ND,3,ND,blood,US,AZ,DS,N6,10.07.2018,N32.25526,W111.08757
TU5Ti5,41,Tick,No,Ornithodoros,turicata,ND,3,Neotoma,blood,US,AZ,DS,N6,10.07.2018,N32.25526,W111.08757
TU5Ti6,31,Tick,No,Ornithodoros,turicata,ND,3,ND,blood,US,AZ,DS,N6,10.07.2018,N32.25526,W111.08757
TU5Ti7,34,Tick,No,Ornithodoros,turicata,ND,2,ND,blood,US,AZ,DS,N6,10.07.2018,N32.25526,W111.08757
TU5Ti8,46,Tick,No,Ornithodoros,turicata,ND,2,ND,blood,US,AZ,DS,N6,10.07.2018,N32.25526,W111.08757
TU68i2D2,28,Triatoma,No,Triatoma,rubida,ND,2,ND,blood,US,AZ,DS,N8,11.07.2018,N32.25219,W111.08791
TU76A,36,Triatoma,No,Triatoma,rubida,ND,4,Neotoma,blood,US,AZ,DS,N12,12.07.2018,N32.252297,W111.08656
TU76B,34,Triatoma,No,Triatoma,rubida,ND,4,Neotoma,blood,US,AZ,DS,N12,12.07.2018,N32.252297,W111.08656
TU77A,33,Triatoma,No,Triatoma,rubida,ND,3,Neotoma,blood,US,AZ,DS,N12,12.07.2018,N32.252297,W111.08656
TU77B,52,Triatoma,No,Triatoma,rubida,ND,3,Neotoma,blood,US,AZ,DS,N12,12.07.2018,N32.252297,W111.08656
TU82A,32,Triatoma,No,Triatoma,rubida,ND,4,Neotoma,blood,US,AZ,DS,N13,12.07.2018,N32.252297,W111.08655
TU82B,40,Triatoma,No,Triatoma,rubida,ND,4,ND,blood,US,AZ,DS,N13,12.07.2018,N32.252297,W111.08655
TU6Ti1,34,Tick,No,Ornithodoros,turicata,ND,5,ND,blood,US,AZ,DS,N6,10.07.2018,N32.25526,W111.08757
TU6Ti2,27,Tick,No,Ornithodoros,turicata,ND,4,ND,blood,US,AZ,DS,N7,10.07.2018,N32.25360,W111.0884
TU6Ti3,21,Tick,No,Ornithodoros,turicata,ND,3,ND,blood,US,AZ,DS,N7,10.07.2018,N32.25360,W111.0884
TU6Ti4,23,Tick,No,Ornithodoros,turicata,ND,2,ND,blood,US,AZ,DS,N7,10.07.2018,N32.25360,W111.0884
TU83B,28,Triatoma,No,Triatoma,rubida,ND,3,Neotoma,blood,US,AZ,DS,N13,12.07.2018,N32.252297,W111.08655
TU83C,33,Triatoma,No,Triatoma,rubida,ND,3,Neotoma,blood,US,AZ,DS,N13,12.07.2018,N32.252297,W111.08655
412I6M,55,Triatoma,No,Triatoma,sanguisuga,M,6,Dasypus,blood,US,TX,LacklandAFB,N41,21.05.2021,N29.37728,W98.68699
FLTS115,41,Triatoma,No,Triatoma,sanguisuga,ND,5,ND,blood,US,FL,Gainesville,N2,08.07.2021,N32.25675,W111.08752
TU7Ti2,20,Tick,No,Ornithodoros,turicata,ND,4,ND,blood,US,AZ,DS,N8,11.07.2018,N32.25219,W111.08791
TU7Ti3,20,Tick,No,Ornithodoros,turicata,ND,4,Myotis,blood,US,AZ,DS,N8,11.07.2018,N32.25219,W111.08791
TU7Ti4,20,Tick,No,Ornithodoros,turicata,ND,3,ND,blood,US,AZ,DS,N8,11.07.2018,N32.25219,W111.08791
FLTS116,32,Triatoma,No,Triatoma,sanguisuga,ND,5,ND,blood,US,FL,Gainesville,N2,08.07.2021,N32.25242,W111.08688
FLTS117,40,Triatoma,No,Triatoma,sanguisuga,ND,5,ND,blood,US,FL,Gainesville,N2,08.07.2021,N32.25242,W111.08688
FLTS118,25,Triatoma,No,Triatoma,sanguisuga,ND,5,ND,blood,US,FL,Gainesville,N2,08.07.2021,N32.25242,W111.08688
FLTS119,29,Triatoma,No,Triatoma,sanguisuga,ND,5,Dasypus,blood,US,FL,Gainesville,N2,08.07.2021,N32.25242,W111.08688
TU9Ti1,23,Tick,No,Ornithodoros,turicata,ND,5,ND,blood,US,AZ,DS,N12,12.07.2018,N32.252297,W111.08656
TU9Ti2,50,Tick,No,Ornithodoros,turicata,ND,4,ND,blood,US,AZ,DS,N12,12.07.2018,N32.252297,W111.08656
TU9Ti3,47,Tick,No,Ornithodoros,turicata,ND,3,ND,blood,US,AZ,DS,N12,12.07.2018,N32.252297,W111.08656
TU9Ti4,22,Tick,No,Ornithodoros,turicata,ND,2,ND,blood,US,AZ,DS,N12,12.07.2018,N32.252297,W111.08656
34NM,21,Nest material,Yes,ND,ND,ND,ND,ND,ND,US,TX,CampBullis,3-4,20.5.2021,29.67709N,98.60552W
31NM,22,Nest material,Yes,ND,ND,ND,ND,ND,ND,US,TX,CampBullis,3-1,20.5.2021,29.68213N,98.60730W
P1E2,25,Nest material,Yes,ND,ND,ND,ND,ND,ND,US,FL,Gainesville,S1,3.7.2021,ND,ND
12NM,29,Nest material,Yes,ND,ND,ND,ND,ND,ND,US,TX,LacklandAFB,1-2,18.5.2021,29.37448N,98.68493W
21NM,29,Nest material,Yes,ND,ND,ND,ND,ND,ND,US,TX,LacklandAFB,2-1,19.5.2021,29.36851N,96.68232W
13NM,34,Nest material,Yes,ND,ND,ND,ND,ND,ND,US,TX,LacklandAFB,1-3,18.5.2021,29.36860N,98.68303W
15NM,38,Nest material,Yes,ND,ND,ND,ND,ND,ND,US,TX,LacklandAFB,1-5,18.5.2021,29.36874N,98.68299W
23NM,41,Nest material,Yes,ND,ND,ND,ND,ND,ND,US,TX,LacklandAFB,2-3,19.5.2021,29.37669N,98.68399W
58MetOH,42,Nest material,Yes,ND,ND,ND,ND,ND,ND,US,FL,Gainesville,N2,8.7.2021,29.6214278N,82.29786W
22NM,42,nest material,Yes,ND,ND,ND,ND,ND,ND,US,TX,LacklandAFB,2-2,19.5.2021,29.36855N,98.68212W
41NM,43,Nest material,Yes,ND,ND,ND,ND,ND,ND,US,TX,LacklandAFB,N41,21.5.2021,29.37728N,98.68699W
14NM,45,Nest material,Yes,ND,ND,ND,ND,ND,ND,US,TX,LacklandAFB,1-4,18.5.2021,29.36858N,98.68296W
33NM,45,Nest material,Yes,ND,ND,ND,ND,ND,ND,US,TX,CampBullis,3-3,20.5.2021,29.67702N,98.60730W
M1E,45,Nest material,Yes,ND,ND,ND,ND,ND,ND,US,FL,Gainesville,S1,3.7.2021,ND,ND
32NM,46,Nest material,Yes,ND,ND,ND,ND,ND,ND,US,TX,CampBullis,3-2,20.5.2021,29.68281N,98.60757W
P1C,48,Nest material,Yes,ND,ND,ND,ND,ND,ND,US,FL,Gainesville,S1,3.7.2021,ND,ND
42NM,48,Nest material,Yes,ND,ND,ND,ND,ND,ND,US,TX,LacklandAFB,4-2,21.5.2021,29.68392N,98.68392W
43NM,50,Nest material,Yes,ND,ND,ND,ND,ND,ND,US,TX,LacklandAFB,4-3,21.5.2021,29.37962N,98.68270W
65etM,55,Nest material,Yes,ND,ND,ND,ND,ND,ND,US,FL,Gainesville,RW2,8.7.2021,ND,ND
P1A,59,Nest material,Yes,ND,ND,ND,ND,ND,ND,US,FL,Gainesville,S1,3.7.2021,ND,ND
P1B,60,Nest material,Yes,ND,ND,ND,ND,ND,ND,US,FL,Gainesville,S1,3.7.2021,ND,ND
MLF61,61,Nest material,Yes,ND,ND,ND,ND,ND,ND,US,FL,Gainesville,N2,8.7.2021,ND,ND
7083etOH,62,Nest material,Yes,ND,ND,ND,ND,ND,ND,US,FL,Gainesville,PF1,9.7.2021,29.54901N,82.33469W
11NM,37,Nest material,Yes,ND,ND,ND,ND,ND,ND,US,TX,LacklandAFB,1-1,18.5.2021,29.37471N,98.68518W
PC31,44,positive,No,mockZimoLog,ND,ND,ND,ND,ND,ND,ND,ND,ND,ND,ND,ND
MCE,42,positive,No,mockEqual,ND,ND,ND,ND,ND,ND,ND,ND,ND,ND,ND,ND
MCS,34,positive,No,mockStaggered,ND,ND,ND,ND,ND,ND,ND,ND,ND,ND,ND,ND
